{
    "ally_attack": 3,
    "ally_defence": 3,
    "bomb_radius": 1,
    "bow_durability": 2,
    "bribe_amount": 1,
    "bribe_radius": 1,
    "invincibility_potion_duration": 1,
    "invisibility_potion_duration": 1,
    "mercenary_attack": 5,
    "mercenary_health": 5,
    "player_attack": 10,
    "player_health": 10,
    "shield_defence": 1,
    "shield_durability": 2,
    "spider_attack": 5,
    "spider_health": 5,
    "spider_spawn_interval": 0,
    "sword_attack": 2,
    "sword_durability": 2,
    "treasure_goal": 1,
    "zombie_attack": 5,
    "zombie_health": 5,
    "zombie_spawn_interval": 0,
    "enemies_goal": 2
  }