{
  "entities": [
    {
      "x": 0,
      "y": 0,
      "type": "player"
    },
    {
      "x": 1,
      "y": 0,
      "type": "wood"
    },
    {
      "x": 2,
      "y": 0,
      "type": "treasure"
    },
    {
      "x": 3,
      "y": 0,
      "key": 3,
      "type": "sun_stone"
    },
    {
      "x": 1,
      "y": 1,
      "type": "arrow"
    },
    {
      "x": 2,
      "y": 1,
      "type": "arrow"
    },
    {
      "x": 3,
      "y": 1,
      "type": "arrow"
    },
    {
      "x": 7,
      "y": 3,
      "type": "exit"
    }
  ],
  "goal-condition": {"goal": "exit"}
}