{
    "entities": [
        {
            "type" : "player",
            "x" : 2,
            "y" : 1
        },
        {
            "type": "zombie_toast",
            "x": 2,
            "y": 3
        },
        {
            "type": "zombie_toast",
            "x": 2,
            "y": 2
        },
        {
            "type" : "sword",
            "x" : 2,
            "y" : 4
        },
        {
            "type" : "zombie_toast_spawner",
            "x" : 2,
            "y" : 5
        },
        {
            "type": "wall",
            "x": 3,
            "y": 1
        },
        {
            "type": "wall",
            "x": 3,
            "y": 2
        },
        {
            "type": "wall",
            "x": 3,
            "y": 3
        },
        {
            "type": "wall",
            "x": 3,
            "y": 4
        },
        {
            "type": "wall",
            "x": 3,
            "y": 5
        },
        {
            "type": "wall",
            "x": 2,
            "y": 6
        },
        {
            "type": "wall",
            "x": 1,
            "y": 1
        },
        {
            "type": "wall",
            "x": 1,
            "y": 2
        },
        {
            "type": "wall",
            "x": 1,
            "y": 3
        },
        {
            "type": "wall",
            "x": 1,
            "y": 4
        },
        {
            "type": "wall",
            "x": 1,
            "y": 5
        }

    ],
    "goal-condition": {"goal": "enemies"}
}
