{
    "entities": [
      {
        "x": 5,
        "y": 0,
        "type": "wall"
      },
      {
        "x": 0,
        "y": 1,
        "type": "player"
      },
      {
        "x": 4,
        "y": 1,
        "type": "wall"
      },
      {
        "x": 5,
        "y": 1,
        "type": "mercenary"
      },
      {
        "x": 6,
        "y": 1,
        "type": "wall"
      },
      {
        "key": "2",
        "x": 0,
        "y": 2,
        "type": "key"
      },
      {
        "x": 4,
        "y": 2,
        "type": "wall"
      },
      {
        "x": 6,
        "y": 2,
        "type": "wall"
      },
      {
        "x": 0,
        "y": 3,
        "key": 3,
        "type": "sun_stone"
      },
      {
        "x": 3,
        "y": 3,
        "type": "wall"
      },
      {
        "x": 4,
        "y": 3,
        "type": "wall"
      },
      {
        "x": 6,
        "y": 3,
        "type": "wall"
      },
      {
        "x": 0,
        "y": 4,
        "type": "wood"
      },
      {
        "key": "1",
        "x": 1,
        "y": 4,
        "type": "key"
      },
      {
        "key": "1",
        "x": 2,
        "y": 4,
        "type": "door"
      },
      {
        "x": 6,
        "y": 4,
        "type": "wall"
      },
      {
        "x": 3,
        "y": 5,
        "type": "wall"
      },
      {
        "x": 4,
        "y": 5,
        "type": "wall"
      },
      {
        "x": 5,
        "y": 5,
        "type": "wall"
      },
      {
        "x": 6,
        "y": 5,
        "type": "wall"
      }
    ],
    "goal-condition": {"goal":"exit"}
  }