{
    "entities": [
      {
        "x": 2,
        "y": 1,
        "type": "swamp_tile",
        "movement_factor": 3
      },
      {
        "x": 0,
        "y": 0,
        "type": "wall"
      },
      {
        "x": 1,
        "y": 0,
        "type": "wall"
      },
      {
        "x": 2,
        "y": 0,
        "type": "wall"
      },
      {
        "x": 3,
        "y": 0,
        "type": "wall"
      },
      {
        "x": 4,
        "y": 0,
        "type": "wall"
      },
      {
        "x": 5,
        "y": 0,
        "type": "wall"
      },
      {
        "x": 0,
        "y": 1,
        "type": "wall"
      },
      {
        "x": 1,
        "y": 1,
        "type": "mercenary"
      },
      {
        "x": 4,
        "y": 1,
        "type": "player"
      },
      {
        "x": 5,
        "y": 1,
        "type": "wall"
      },
      {
        "x": 1,
        "y": 2,
        "type": "wall"
      },
      {
        "x": 2,
        "y": 2,
        "type": "wall"
      },
      {
        "x": 3,
        "y": 2,
        "type": "wall"
      },
      {
        "x": 4,
        "y": 2,
        "type": "wall"
      },
      {
        "x": 5,
        "y": 2,
        "type": "exit"
      }
    ],
    "goal-condition": {"goal": "exit"}
  }